,Title,Link,Categories,Publishers,Developers
0,A Plague Tale: Innocence,https://www.microsoft.com/en-us/store/p/a-plague-tale-innocence---windows-10/9ND0CG3LM22K,"Action & adventure, Role playing",Focus Home Interactive,Focus Home Interactive
1,Age of Empires Definitive Edition,https://www.microsoft.com/en-us/store/p/age-of-empires-definitive-edition/9NJWTJSVGVLJ,Strategy,Xbox Game Studios,Xbox Game Studios
2,Age of Empires II: Definitive Edition,https://www.microsoft.com/en-us/store/p/age-of-empires-ii-definitive-edition/9NJDD0JGPP2Q,Strategy,Xbox Game Studios,Xbox Game Studios
3,Age of Empires III: Definitive Edition,https://www.microsoft.com/en-us/store/p/age-of-empires-iii-definitive-edition/9N1HF804QXN4,Strategy,Xbox Game Studios,Xbox Game Studios
4,Age of Wonders: Planetfall,https://www.microsoft.com/en-us/store/p/age-of-wonders-planetfall/9MZ2B3W86SCK,"Simulation, Strategy",Paradox Interactive,Triumph Studios
5,Alan Wake,https://www.microsoft.com/en-us/store/p/alan-wake/9NKV44QF1R68,Action & adventure,Remedy Entertainment,Remedy Entertainment
6,Alien: Isolation,https://www.microsoft.com/en-us/store/p/alien-isolation/9NSRJ872SGH7,Action & adventure,SEGA Europe Ltd,SEGA Europe Ltd
7,Alvastia Chronicles,https://www.microsoft.com/en-us/store/p/alvastia-chronicles/9MVJGBNNFPPS,Role playing,KEMCO,EXE-CREATE
8,Ape Out,https://www.microsoft.com/en-us/store/p/ape-out/9NR6DZ9F76P8,"Action & adventure, Other",Devolver Digital,Devolver Digital
9,ARK: Survival Evolved,https://www.microsoft.com/en-us/store/p/ark-survival-evolved/9NBLGGH52XC6,"Action & adventure, Role playing, Shooter",Studio Wildcard,Studio Wildcard
10,Astrologaster,https://www.microsoft.com/en-us/store/p/astrologaster/9NFT0CMC62DX,Other,Nyamyam,Nyamyam
11,ASTRONEER,https://www.microsoft.com/en-us/store/p/astroneer/9NBLGGH43KZB,"Action & adventure, Family & kids",System Era Softworks,System Era Softworks
12,Bad North: Jotunn Edition,https://www.microsoft.com/en-us/store/p/bad-north-jotunn-edition/9N4T8VCMQVDT,"Action & adventure, Strategy",Raw Fury,Raw Fury
13,Battle Chasers: Nightwar,https://www.microsoft.com/en-us/store/p/battle-chasers-nightwar/9NT8XR7D5L00,"Action & adventure, Role playing",THQ Nordic,THQ Nordic
14,Battlefleet Gothic: Armada 2 - Windows 10,https://www.microsoft.com/en-us/store/p/battlefleet-gothic-armada-2---windows-10/9NGWKW55M85P,Strategy,Focus Home Interactive,Focus Home Interactive
15,BATTLETECH,https://www.microsoft.com/en-us/store/p/battletech/9NQVDQS2BC10,"Action & adventure, Strategy",Paradox Interactive,Paradox Interactive
16,Battletoads,https://www.microsoft.com/en-us/store/p/battletoads/9N7GCF5SGCXC,Action & adventure,"Xbox Games Studios, Rare Ltd",Dlala Studios
17,Blair Witch,https://www.microsoft.com/en-us/store/p/blair-witch/9NG7LG421V0Q,"Action & adventure, Other",Bloober Team NA,Bloober Team NA
18,Bleeding Edge,https://www.microsoft.com/en-us/store/p/bleeding-edge/9NX6XGVJ0J3D,Fighting,Xbox Game Studios,Xbox Game Studios
19,Bloodstained: Ritual of the Night,https://www.microsoft.com/en-us/store/p/bloodstained-ritual-of-the-night/9MWB2BFF0SPD,Action & adventure,505 Games,505 Games
20,Bridge Constructor Portal,https://www.microsoft.com/en-us/store/p/bridge-constructor-portal/9PDXF172R7VJ,"Puzzle & trivia, Simulation",Headup GmbH,Headup GmbH
21,Broforce,https://www.microsoft.com/en-us/store/p/broforce/9P03ZQMBMV65,Action & adventure,Devolver Digital,Devolver Digital
22,Carrion,https://www.microsoft.com/en-us/store/p/carrion/9MSMJH3C6TKR,"Action & adventure, Other",Devolver Digital,Devolver Digital
23,Children of Morta,https://www.microsoft.com/en-us/store/p/children-of-morta/9P675WH90SB4,"Action & adventure, Role playing",11 bit studios,Dead Mage
24,Cities: Skylines,https://www.microsoft.com/en-us/store/p/cities-skylines---windows-10-edition/9NWVC7XP3PFD,Simulation,Paradox Interactive,Paradox Interactive
25,ClusterTruck,https://www.microsoft.com/en-us/store/p/clustertruck/9N8WVMD7J5GQ,Action & adventure,tinyBuild Games,tinyBuild Games
26,Crackdown 3,https://www.microsoft.com/en-us/p/crackdown-3/9NXR6469DM2P,Action & adventure,Xbox Game Studios,Xbox Game Studios
27,Creature in the Well,https://www.microsoft.com/en-us/store/p/creature-in-the-well/9P3SWZZJ1M4B,"Action & adventure, Role playing",MWM Interactive,MWM Interactive
28,CrossCode,https://www.microsoft.com/en-us/store/p/crosscode/9NFDPQ0KZ6RN,"Action & adventure, Role playing",DECK13 Spotlight,DECK13 Spotlight
29,Crossing Souls,https://www.microsoft.com/en-us/store/p/crossing-souls/9PD1Z95CNTW4,Action & adventure,Devolver Digital,Devolver Digital
30,Crusader Kings III,https://www.microsoft.com/en-us/store/p/crusader-kings-iii/9N7GG222GTTH,"Role playing, Simulation, Strategy",Paradox Interactive,Paradox Interactive
31,Darksiders Genesis,https://www.microsoft.com/en-us/store/p/darksiders-genesis/9NJ5X04M30HN,Action & adventure,THQ Nordic,THQ Nordic
32,Darksiders III,https://www.microsoft.com/en-us/store/p/darksiders-iii/9PLPXGK1GDQ1,Action & adventure,THQ Nordic,THQ Nordic
33,Dead by Daylight,https://www.microsoft.com/en-us/store/p/dead-by-daylight-windows/9NMS4SFNBGBH,"Action & adventure, Other",Behaviour Interactive Inc.,Behaviour Interactive Inc.
34,Dead Cells,https://www.microsoft.com/en-us/store/p/dead-cells/9NKVX66J0ZSK,Action & adventure,Motion Twin,Motion Twin
35,Death's Gambit,https://www.microsoft.com/en-us/store/p/deaths-gambit/9MV537XVLVXR,"Action & adventure, Role playing",Adult Swim Games,Adult Swim Games
36,Deliver Us The Moon,https://www.microsoft.com/en-us/store/p/deliver-us-the-moon/9PF6BS5DGNLX,Action & adventure,Wired Productions,Wired Productions
37,DEMON'S TILT,https://www.microsoft.com/en-us/store/p/demons-tilt/9N5344N0TFR7,"Action & adventure, Other, Role playing, Shooter, Simulation",FLARB LLC,FLARB LLC
38,Descenders,https://www.microsoft.com/en-us/store/p/descenders/C37XBX7DCBZ0,"Action & adventure, Sports",No More Robots,No More Robots
39,DiRT Rally 2.0,https://www.microsoft.com/en-us/store/p/dirt-rally-20-windows/9MT31ZWMPJCK,Racing & flying,Codemasters,Codemasters
40,Dishonored 2,https://www.microsoft.com/en-us/store/p/dishonored-2/9MW4RJDRSF78,Action & adventure,Bethesda Softworks,Bethesda Softworks
41,Disneyland Adventures,https://www.microsoft.com/en-us/store/p/disneyland-adventures/9N6Z8DQXSQWH,Family & kids,Xbox Game Studios,Xbox Game Studios
42,Don't Starve: Giant Edition,https://www.microsoft.com/en-us/store/p/dont-starve-giant-edition/C0XBNVR137DZ,Action & adventure,Klei Entertainment,Klei Entertainment
43,Double Kick Heroes,https://www.microsoft.com/en-us/store/p/double-kick-heroes/9NJPT63K27W8,Music,Plug In Digital,Plug In Digital
44,Downwell,https://www.microsoft.com/en-us/store/p/downwell/9P641Z19NT2S,Action & adventure,Devolver Digital,Devolver Digital
45,DRAGON QUEST XI S: Echoes of an Elusive Age - Definitive Edition,https://www.microsoft.com/en-us/store/p/dragon-quest-xi-s-echoes-of-an-elusive-age---definitive-edition/9PBDC0XZ8TXK,Role playing,SQUARE ENIX,SQUARE ENIX
46,Dungeon of the Endless,https://www.microsoft.com/en-us/store/p/dungeon-of-the-endless/9N46K0X6TBZK,"Action & adventure, Strategy",Sega Europe Ltd,Sega Europe Ltd
47,Endless Legend,https://www.microsoft.com/en-us/store/p/endless-legend/9NP09BFQNHCJ,"Simulation, Strategy",SEGA Europe Ltd,SEGA Europe Ltd
48,Endless Space 2: Deluxe Edition,https://www.microsoft.com/en-us/store/p/endless-space-2-deluxe-edition/9NV3Q7WVN2RB,"Simulation, Strategy",Amplitude STUDIOS,Amplitude STUDIOS
49,Enter The Gungeon,https://www.microsoft.com/en-us/store/p/enter-the-gungeon/9NB65S6LFZRT,Shooter,Devolver Digital,Devolver Digital
50,Europa Universalis IV - Microsoft Store Edition,https://www.microsoft.com/en-us/store/p/europa-universalis-iv---microsoft-store-edition/9PHQJWGLTZM8,"Simulation, Strategy",Paradox Interactive,Paradox Interactive
51,F1 2019,https://www.microsoft.com/en-us/store/p/f1-2019-pc/9NL9VGSH00LL,"Racing & flying, Sports",Codemasters,Codemasters
52,Faeria,https://www.microsoft.com/en-us/store/p/faeria/9N1XLJGDC163,"Card & board, Strategy",Versus Evil,Versus Evil
53,Fallout 76,https://www.microsoft.com/en-us/store/p/fallout-76-pc/9NKGNMNK3K3Z,Role playing,Bethesda Softworks,Bethesda Softworks
54,Farming Simulator 17,https://www.microsoft.com/en-us/store/p/farming-simulator-17---windows-10/9N2NCBXW44HV,Simulation,Focus Home Interactive,Focus Home Interactive
55,Felix The Reaper,https://www.microsoft.com/en-us/store/p/felix-the-reaper-pc/9MVNB889L3HN,"Action & adventure, Puzzle & trivia",Daedalic Entertainment,Daedalic Entertainment
56,FINAL FANTASY IX,https://www.microsoft.com/en-us/store/p/final-fantasy-ix/9NPGTNQFC8B5,Role playing,SQUARE ENIX,SQUARE ENIX
57,FINAL FANTASY VII,https://www.microsoft.com/en-us/store/p/final-fantasy-vii-windows-edition/9PN0W216SKZB,Role playing,SQUARE ENIX,SQUARE ENIX
58,FINAL FANTASY XV,https://www.microsoft.com/en-us/store/p/final-fantasy-xv-windows-edition/9NR0N2LZ6TC5,Role playing,SQUARE ENIX,SQUARE ENIX
59,Fishing Sim World: Pro Tour,https://www.microsoft.com/en-us/store/p/fishing-sim-world-pro-tour/9NM7LC8MJXKS,"Simulation, Sports",Dovetail Games,Dovetail Games
60,Football Manager 2020,https://www.microsoft.com/en-us/store/p/football-manager-2020/9N0K062BZJVK,"Simulation, Sports",SEGA Europe Ltd,SEGA Europe Ltd
61,For The King,https://www.microsoft.com/en-us/store/p/for-the-king/9NS1CD1V4BKW,"Action & adventure, Card & board, Role playing",Curve Digital,Curve Digital
62,Forager,https://www.microsoft.com/en-us/store/p/forager/9P5SFDNW6V13,"Action & adventure, Simulation, Strategy",Humble Games,Humble Games
63,Forza Horizon 4 Standard Edition,https://www.microsoft.com/en-us/p/forza-horizon-4-standard-edition/9PNJXVCVWD4K,Racing & flying,Microsoft Studios,Microsoft Studios
64,Frostpunk,https://www.microsoft.com/en-us/store/p/frostpunk/9NS0KH25D76X,"Simulation, Strategy",11 bit studios,11 bit studios
65,FTL: Faster Than Light,https://www.microsoft.com/en-us/store/p/ftl-faster-than-light/9NWNTZQW4G8G,"Role playing, Simulation, Strategy",Subset Games,Subset Games
66,Gato Roboto,https://www.microsoft.com/en-us/store/p/gato-roboto/9PBJQ90CT236,Platformer,Devolver Digital,Devolver Digital
67,Gears 5,https://www.microsoft.com/en-us/p/gears-5/C2KDNLT2H7DM,Shooter,Xbox Game Studios,Xbox Game Studios
68,Gears 5 Ultimate Edition,https://www.microsoft.com/en-us/store/p/gears-5-ultimate-edition/9P9CKRGR40KK,Shooter,Xbox Game Studios,Xbox Game Studios
69,Gears of War 4,https://www.microsoft.com/en-us/p/gears-of-war-4/9NBLGGH4PBBM,Shooter,Microsoft Studios,Microsoft Studios
70,Gears of War: Ultimate Edition,https://www.microsoft.com/en-us/store/p/gears-of-war-ultimate-edition-for-windows-10/9NBLGGH3SHM5,Shooter,Microsoft Studios,Microsoft Studios
71,Gears Tactics - Windows 10,https://www.microsoft.com/en-us/store/p/gears-tactics---windows-10/9PNJ8VXWQ8HN,Strategy,Xbox Game Studios,Xbox Game Studios
72,Goat Simulator,https://www.microsoft.com/en-us/store/p/goat-simulator-windows-10/9MXWKHJ3VZZH,"Action & adventure, Simulation",Double Eleven Limited,Double Eleven Limited
73,Golf With Your Friends,https://www.microsoft.com/en-us/store/p/golf-with-your-friends/9MVK5W0HMRP7,"Family & kids, Sports",Team17 Digital Ltd,Team17 Digital Ltd
74,GoNNER,https://www.microsoft.com/en-us/store/p/gonner-win10/9PBM5VSZDW5C,Action & adventure,Raw Fury,Raw Fury
75,Gris,https://www.microsoft.com/en-us/store/p/gris/9NHHP2H0ZP98,Platformer,Devolver Digital,Devolver Digital
76,Grounded - Game Preview,https://www.microsoft.com/en-us/store/p/grounded---game-preview/9PJTHRNVH62H,Action & adventure,Xbox Game Studios,Xbox Game Studios
77,Guacamelee! 2,https://www.microsoft.com/en-us/store/p/guacamelee-2/9NVK1W7L093S,Action & adventure,Drinkbox Studios,Drinkbox Studios
78,Halo 2: Anniversary,https://www.microsoft.com/en-us/store/p/halo-2-anniversary/9P5739G419LD,Shooter,Xbox Game Studios,Xbox Game Studios
79,Halo 3,https://www.microsoft.com/en-us/store/p/halo-3/9PGL2Z1H9M4R,Shooter,Xbox Game Studios,Xbox Game Studios
80,Halo Wars 2,https://www.microsoft.com/en-us/store/p/halo-wars-2/9NBLGGH5WMKM,Strategy,Microsoft Studios,Microsoft Studios
81,Halo Wars 2: Standard Edition,https://www.microsoft.com/en-us/store/p/halo-wars-2-standard-edition/9NBLGGH515BD,Strategy,Microsoft Studios,"343 Industries, Creative Assembly"
82,Halo Wars: Definitive Edition,https://www.microsoft.com/en-us/store/p/halo-wars-definitive-edition-pc/9NBLGGH5WLR0,Strategy,Microsoft Studios,Microsoft Studios
83,Halo: Combat Evolved Anniversary,https://www.microsoft.com/en-us/store/p/halo-combat-evolved-anniversary/9NWQMVSB63N4,Shooter,Xbox Game Studios,Xbox Game Studios
84,Halo: Reach,https://www.microsoft.com/en-us/store/p/halo-reach/9N9WZT3PJ27W,Shooter,Xbox Game Studios,Xbox Game Studios
85,Halo: Spartan Assault,https://www.microsoft.com/en-us/store/p/halo-spartan-assault/9WZDNCRFHWFH,Action & adventure,Microsoft Studios,Microsoft Studios
86,Halo: Spartan Strike,https://www.microsoft.com/en-us/store/p/halo-spartan-strike/9WZDNCRFJBFJ,Action & adventure,Microsoft Studios,Microsoft Studios
87,Halo: The Master Chief Collection,https://www.microsoft.com/en-us/store/p/halo-the-master-chief-collection/9NTM9HXNLSZX,Shooter,Xbox Game Studios,Xbox Game Studios
88,Hatoful Boyfriend,https://www.microsoft.com/en-us/store/p/hatoful-boyfriend/9NCPXWLM4152,Simulation,Devolver Digital,Devolver Digital
89,Hearts of Iron IV: Cadet Edition,https://www.microsoft.com/en-us/store/p/hearts-of-iron-iv-cadet-edition/9NF6WPNS1S73,Strategy,Paradox Interactive,Paradox Interactive
90,Hellblade: Senua's Sacrifice,https://www.microsoft.com/en-us/store/p/hellblade-senuas-sacrifice/9NCLP4LV5K7Z,Action & adventure,Ninja Theory Ltd,Ninja Theory Ltd
91,Hello Neighbor,https://www.microsoft.com/en-us/store/p/hello-neighbor/9NDDH3R9DF40,Action & adventure,tinyBuild Games,tinyBuild Games
92,Hollow Knight,https://www.microsoft.com/en-us/store/p/hollow-knight/9PKM22F7C9K5,Action & adventure,Team Cherry,Team Cherry
93,Hotline Miami,https://www.microsoft.com/en-us/store/p/hotline-miami/9PPCS86WS28Z,Action & adventure,Devolver Digital,Devolver Digital
94,Human Fall Flat,https://www.microsoft.com/en-us/store/p/human-fall-flat/9MT4HS1CP72W,Action & adventure,Curve Digital,Curve Digital
95,HyperDot,https://www.microsoft.com/en-us/store/p/hyperdot/9NVVJ8TBD7KP,Action & adventure,GLITCH,GLITCH
96,Hypnospace Outlaw,https://www.microsoft.com/en-us/store/p/hypnospace-outlaw/9PM3NVB3PXG0,"Puzzle & trivia, Simulation",No More Robots,No More Robots
97,Indivisible,https://www.microsoft.com/en-us/store/p/indivisible/9N3KCLT53VDZ,Action & adventure,505 Games,505 Games
98,Infinifactory,https://www.microsoft.com/en-us/store/p/infinifactory/9NHGM9CS3XLF,"Puzzle & trivia, Simulation",Zachtronics,Zachtronics
99,It Lurks Below,https://www.microsoft.com/en-us/store/p/it-lurks-below/9PFW68JLS81F,"Action & adventure, Role playing",Graybeard Games,Graybeard Games
100,Killer Instinct: Definitive Edition,https://www.microsoft.com/en-us/store/p/killer-instinct-definitive-edition/9NBLGGH51BMC,Fighting,Xbox Game Studios,Xbox Game Studios
101,Levelhead,https://www.microsoft.com/en-us/store/p/levelhead/9PJZBB8FWK8H,Action & adventure,Butterscotch Shenanigans,Butterscotch Shenanigans
102,Lonely Mountains: Downhill,https://www.microsoft.com/en-us/store/p/lonely-mountains-downhill/9MV6MCVLT8GR,"Action & adventure, Racing & flying, Sports",Thunderful Publishing,Thunderful Publishing
103,Machinarium,https://www.microsoft.com/en-us/store/p/machinarium/9N83GKZLC8BK,"Action & adventure, Puzzle & trivia, Family & kids",Amanita Design s.r.o.,Amanita Design s.r.o.
104,MARVEL VS. CAPCOM: INFINITE,https://www.microsoft.com/en-us/store/p/marvel-vs-capcom-infinite/9PGSCB1X2P7G,Fighting,Capcom World Japan,Capcom World Japan
105,MechWarrior 5: Mercenaries,https://www.microsoft.com/en-us/store/p/mechwarrior-5-mercenaries/9PB86W3JK8Z5,"Shooter, Simulation",Piranha Games Inc.,Piranha Games Inc.
106,Metro 2033 Redux,https://www.microsoft.com/en-us/store/p/metro-2033-redux/9NQ387M27TMV,Shooter,Deep Silver,Deep Silver
107,Metro: Last Light Redux,https://www.microsoft.com/en-us/store/p/metro-last-light-redux/9NM5W1TDNQZ3,Shooter,Deep Silver,Deep Silver
108,Microsoft Flight Simulator: Standard,https://www.microsoft.com/en-us/store/p/microsoft-flight-simulator-standard/9NXN8GF8N9HT,Simulation,Xbox Game Studios,Xbox Game Studios
109,Middle-earth: Shadow of War,https://www.microsoft.com/en-us/p/middle-earth-shadow-of-war/9PDV8FKWP3B4,Action & adventure,Warner Bros. Interactive Entertainment,Warner Bros. Interactive Entertainment
110,Minecraft Dungeons,https://www.microsoft.com/en-us/store/p/minecraft-dungeons---windows-10/9P8MK4NC0LJB,"Action & adventure, Role playing",Xbox Game Studios,Xbox Game Studios
111,MINIT,https://www.microsoft.com/en-us/store/p/minit/9PJR1F15JBX0,"Action & adventure, Puzzle & trivia",Devolver Digital,Devolver Digital
112,MISTOVER,https://www.microsoft.com/en-us/store/p/mistover/9P8K66J3CQ9S,"Role playing, Action & adventure, Strategy",KRAFTON Inc,KRAFTON Inc
113,Momodora: Reverie Under the Moonlight,https://www.microsoft.com/en-us/store/p/momodora-reverie-under-the-moonlight/9NZL00LF4V58,Platformer,"Active Gaming Media Inc., E-Home Entertainment Development Co.","Active Gaming Media Inc., E-Home Entertainment Development Co."
114,Moonlighter,https://www.microsoft.com/en-us/store/p/moonlighter/9P8XJRLCLH2P,Action & adventure,11 bit studios,11 bit studios
115,Mother Russia Bleeds,https://www.microsoft.com/en-us/store/p/mother-russia-bleeds/9NVFHBKDLPM4,Fighting,Devolver Digital,Devolver Digital
116,Moving Out,https://www.microsoft.com/en-us/store/p/moving-out/9N9H593X8SVP,"Family & kids, Simulation, Strategy",Team17 Digital Ltd,Team17 Digital Ltd
117,MudRunner,https://www.microsoft.com/en-us/store/p/mudrunner/9N58J0GM9MRP,Simulation,Focus Home Interactive,Focus Home Interactive
118,Munchkin: Quacked Quest,https://www.microsoft.com/en-us/store/p/munchkin-quacked-quest/9N80L1CTZ86W,"Action & adventure, Card & board",Asmodee Digital,Asmodee Digital
119,Mutant Year Zero: Road to Eden,https://www.microsoft.com/en-us/store/p/mutant-year-zero-road-to-eden/9NMP9B9KMKLF,"Action & adventure, Strategy",Funcom,Funcom
120,My Friend Pedro,https://www.microsoft.com/en-us/store/p/my-friend-pedro-win10/9NMH293554QQ,Action & adventure,Devolver Digital,Devolver Digital
121,My Time At Portia,https://www.microsoft.com/en-us/store/p/my-time-at-portia/9NBLSN1JP7TH,"Action & adventure, Role playing",Team17 Digital Ltd,Team17 Digital Ltd
122,Neon Abyss,https://www.microsoft.com/en-us/store/p/neon-abyss/9PLWSGHFQ4PS,Platformer,Team17 Digital Ltd,Team17 Digital Ltd
123,New Super Lucky's Tale,https://www.microsoft.com/en-us/store/p/new-super-luckys-tale/9MZN3SMXN824,Action & adventure,Playful Studios,Playful Studios
124,Night Call,https://www.microsoft.com/en-us/store/p/night-call/9N5KSQG0R9TB,"Action & adventure, Other",Raw Fury,Raw Fury
125,No Man's Sky,https://www.microsoft.com/en-us/store/p/no-mans-sky/BQVQTL3PCH05,"Action & adventure, Role playing, Simulation",Hello Games,Hello Games
126,Nowhere Prophet,https://www.microsoft.com/en-us/store/p/nowhere-prophet/9P01NRSZCVR6,"Card & board, Strategy",No More Robots,No More Robots
127,Observation,https://www.microsoft.com/en-us/store/p/observation/9PBLH1322GX0,Action & adventure,Devolver Digital,Devolver Digital
128,Ori and the Blind Forest: Definitive Edition,https://www.microsoft.com/en-us/store/p/ori-and-the-blind-forest-definitive-edition/9NBLGGH1Z6FB,Platformer,Xbox Game Studios,Xbox Game Studios
129,Ori and the Will of the Wisps,https://www.microsoft.com/en-us/p/ori-and-the-will-of-the-wisps/9N8CD0XZKLP4,Action & adventure,Xbox Game Studios,Xbox Game Studios
130,Out of the Park Baseball 21,https://www.microsoft.com/en-us/store/p/out-of-the-park-baseball-21/9NNW9V8DVPG6,"Simulation, Sports, Strategy",Out of the Park Developments,Out of the Park Developments
131,Overcooked! 2,https://www.microsoft.com/en-us/store/p/overcooked-2/9PGB72NFG5JN,Family & kids,Team17 Digital Ltd,Team17 Digital Ltd
132,Oxenfree,https://www.microsoft.com/en-us/store/p/oxenfree/9NBLGGH6CTZ5,Action & adventure,Night School Studio,Night School Studio
133,Pandemic: The Board Game,https://www.microsoft.com/en-us/store/p/pandemic-the-board-game/9P8Q4W21QQZ2,"Card & board, Puzzle & trivia, Strategy",Asmodee Digital,Asmodee Digital
134,Pathologic 2,https://www.microsoft.com/en-us/store/p/pathologic-2/9PHS5Q7KQMJM,Role playing,tinyBuild Games,tinyBuild Games
135,Phoenix Point,https://www.microsoft.com/en-us/store/p/phoenix-point/9P1P5Q3BNM7J,"Classics, Role playing, Simulation, Strategy",Snapshot Games Inc,Snapshot Games Inc
136,Pikuniku,https://www.microsoft.com/en-us/store/p/pikuniku-win10/9N8QNKN5ZKTH,Platformer,Devolver Digital,Devolver Digital
137,Pillars of Eternity,https://www.microsoft.com/en-us/store/p/pillars-of-eternity-hero-edition/9P5LZC1KB48V,"Card & board, Role playing, Strategy",Paradox Interactive,Paradox Interactive
138,Plebby Quest: The Crusades,https://www.microsoft.com/en-us/store/p/plebby-quest-the-crusades/9MWBPSQ5PKQR,"Simulation, Strategy",Neowiz,Neowiz
139,Power Rangers: Battle for the Grid,https://www.microsoft.com/en-us/store/p/power-rangers-battle-for-the-grid/9P5VMG8D4P4B,Fighting,nWay Inc,nWay Inc
140,RAGE 2,https://www.microsoft.com/en-us/store/p/rage-2-pc/9P2J7WHV0K4N,"Action & adventure, Shooter",Bethesda Softworks,Bethesda Softworks
141,ReCore,https://www.microsoft.com/en-us/store/p/recore/9NBLGGH1Z6FQ,Action & adventure,Xbox Game Studios,Xbox Game Studios
142,Reigns: Game of Thrones,https://www.microsoft.com/en-us/store/p/reigns-game-of-thrones/9NB2WLSJ2QK3,"Card & board, Role playing",Devolver Digital,Devolver Digital
143,Rise of Nations: Extended Edition,https://www.microsoft.com/en-us/store/p/rise-of-nations-extended-edition/9NS84HCWZD8B,"Simulation, Strategy",Microsoft Studios,Microsoft Studios
144,Rush: A DisneyPixar Adventure,https://www.microsoft.com/en-us/store/p/rush-a-disneypixar-adventure/9P3PL76N0KWZ,Family & kids,Xbox Game Studios,Xbox Game Studios
145,Saints Row IV: Re-Elected,https://www.microsoft.com/en-us/store/p/saints-row-iv-re-elected/9NFVLZQDZHKW,Action & adventure,Deep Silver,Deep Silver
146,ScourgeBringer (Game Preview),https://www.microsoft.com/en-us/store/p/scourgebringer-game-preview/9NXPV1T3WS34,Action & adventure,Dear Villagers,Dear Villagers
147,Sea of Thieves,https://www.microsoft.com/en-us/store/p/sea-of-thieves/9P2N57MC619K,Action & adventure,Microsoft Studios,Microsoft Studios
148,Sea Salt,https://www.microsoft.com/en-us/store/p/sea-salt/9NXQ4PX4TZJZ,"Action & adventure, Strategy",YCJY Games,YCJY Games
149,Shadow Warrior 2,https://www.microsoft.com/en-us/store/p/shadow-warrior-2/9P6SFBR1TCWQ,"Action & adventure, Shooter",Devolver Digital,Devolver Digital
150,Slay The Spire,https://www.microsoft.com/en-us/store/p/slay-the-spire/9MZQR8317S3B,"Card & board, Role playing, Strategy",Humble Games,Humble Games
151,Spiritfarer,https://www.microsoft.com/en-us/store/p/spiritfarer/9NG5L58FD3X5,Action & adventure,Thunder Lotus,Thunder Lotus
152,State of Decay 2: Juggernaut Edition,https://www.microsoft.com/en-us/p/state-of-decay-2-juggernaut-edition/9NT4X7P8B9NB,"Action & adventure, Role playing",Xbox Game Studios,Xbox Game Studios
153,State of Mind PC,https://www.microsoft.com/en-us/store/p/state-of-mind-pc/9PL8ST9QV6RP,Action & adventure,Daedalic Entertainment,Daedalic Entertainment
154,Stellaris,https://www.microsoft.com/en-us/store/p/stellaris/9NXQPGMR917R,Strategy,Paradox Interactive,Paradox Interactive
155,Stranger Things 3: The Game,https://www.microsoft.com/en-us/store/p/stranger-things-3-the-game/9PMDDQ228FQD,Action & adventure,BonusXP Inc,BonusXP Inc
156,Streets of Rage 4,https://www.microsoft.com/en-us/store/p/streets-of-rage-4/9N7H54KNCB9N,"Action & adventure, Classics, Fighting",Dotemu,Dotemu
157,Subnautica,https://www.microsoft.com/en-us/store/p/subnautica/BX3S1Q5DVHRD,"Action & adventure, Other",Unknown Worlds Entertainment,Unknown Worlds Entertainment
158,Sunset Overdrive,https://www.microsoft.com/en-us/store/p/sunset-overdrive/9NNLBL0T2Z43,"Action & adventure, Shooter",Xbox Game Studios,Xbox Game Studios
159,Super Lucky's Tale,https://www.microsoft.com/en-us/store/p/super-luckys-tale/9PLMGFWCFZ9G,Platformer,Xbox Game Studios,Xbox Game Studios
160,Surviving Mars,https://www.microsoft.com/en-us/store/p/surviving-mars/9MXB71Q4VWGJ,"Simulation, Strategy",Paradox Interactive,Paradox Interactive
161,Tacoma,https://www.microsoft.com/en-us/store/p/tacoma/9P4WKZXWP1QW,Action & adventure,Fullbright,Fullbright
162,Tell Me Why,https://www.microsoft.com/en-us/store/p/tell-me-why/9NBL0XKVCN5L,"Action & adventure, Other",Xbox Game Studios,Xbox Game Studios
163,Tell Me Why: Chapters 1-3,https://www.microsoft.com/en-us/store/p/tell-me-why-chapters-1-3/9NF83PRZK6K3,Action & adventure,Xbox Game Studios,Xbox Game Studios
164,The Bard's Tale ARPG : Remastered and Resnarkled,https://www.microsoft.com/en-us/store/p/the-bards-tale-arpg--remastered-and-resnarkled/9PN3VDFTB5HZ,"Action & adventure, Classics, Role playing",Xbox Game Studios,Xbox Game Studios
165,The Bard's Tale IV: Director's Cut,https://www.microsoft.com/en-us/p/the-bards-tale-iv-directors-cut/C2B4T86TXLRS,"Action & adventure, Role playing",InXile Entertainment,InXile Entertainment
166,The Bard's Tale Trilogy,https://www.microsoft.com/en-us/store/p/the-bards-tale-trilogy/9MVN4ND41DD3,"Classics, Role playing, Strategy",InXile Entertainment,InXile Entertainment
167,The Gardens Between,https://www.microsoft.com/en-us/store/p/the-gardens-between/9P4Z4TW66LPV,"Action & adventure, Other, Puzzle & trivia",The Voxel Agents,The Voxel Agents
168,The Long Dark,https://www.microsoft.com/en-us/store/p/the-long-dark/9NFKN56ZBMR0,"Action & adventure, Simulation, Strategy",Hinterland Studio Inc,Hinterland Studio Inc
169,The Lord of the Rings: Adventure Card Game - Definitive Edition,https://www.microsoft.com/en-us/store/p/the-lord-of-the-rings-adventure-card-game---definitive-edition/9NCP1745JF7B,"Card & board, Strategy",Asmodee Digital,Asmodee Digital
170,The Messenger,https://www.microsoft.com/en-us/store/p/the-messenger/9NNFBW3NGV9K,Action & adventure,Devolver Digital,Devolver Digital
171,The Outer Worlds,https://www.microsoft.com/en-us/store/p/the-outer-worlds/9MWD2Z8L1FBQ,"Action & adventure, Role playing",Private Division,Private Division
172,The Red Strings Club,https://www.microsoft.com/en-us/store/p/the-red-strings-club/9PFHBH19RL3C,Action & adventure,Devolver Digital,Devolver Digital
173,The Surge 2,https://www.microsoft.com/en-us/store/p/the-surge-2---windows-10/9NLDM4DGX41G,Role playing,Focus Home Interactive,Focus Home Interactive
174,The Talos Principle,https://www.microsoft.com/en-us/store/p/the-talos-principle/9N02KMVCRSRM,Puzzle & trivia,Devolver Digital,Devolver Digital
175,The Touryst,https://www.microsoft.com/en-us/store/p/the-touryst/9N9W1JK1X5QJ,Action & adventure,Shin'en Multimedia GmbH,Shin'en Multimedia GmbH
176,The Turing Test,https://www.microsoft.com/en-us/store/p/the-turing-test/9NBLGGH4VVTL,Action & adventure,Bulkhead Interactive,Bulkhead Interactive
177,Thumper,https://www.microsoft.com/en-us/store/p/thumper/9PHV10KXLJZT,"Action & adventure, Music",Drool LLC,Drool LLC
178,Ticket to Ride,https://www.microsoft.com/en-us/store/p/ticket-to-ride/9PJZXCCK7VLW,Card & board,Asmodee Digital,Asmodee Digital
179,Torment: Tides of Numenera,https://www.microsoft.com/en-us/store/p/torment-tides-of-numenera/9NC0071DJ6XC,Role playing,Xbox Game Studios,Xbox Game Studios
180,Totally Accurate Battle Simulator (Game Preview),https://www.microsoft.com/en-us/store/p/totally-accurate-battle-simulator-game-preview/9PC4RWP34M2D,"Fighting, Simulation",Landfall,Landfall
181,Tracks - The Train Set Game,https://www.microsoft.com/en-us/store/p/tracks---the-train-set-game/9NBM23T6G6RN,"Family & kids, Simulation",Excalibur Games,Excalibur Games
182,Trailmakers,https://www.microsoft.com/en-us/store/p/trailmakers/9NSFGM8J6MBJ,"Racing & flying, Simulation",Flashbulb Games,Flashbulb Games
183,Train Sim World 2020,https://www.microsoft.com/en-us/store/p/train-sim-world-2020/9PMT49X8ZGM2,Simulation,Dovetail Games,Dovetail Games
184,Two Point Hospital,https://www.microsoft.com/en-us/store/p/two-point-hospital/9N08S5VPC4SX,Simulation,SEGA Europe Ltd,SEGA Europe Ltd
185,UnderMine,https://www.microsoft.com/en-us/store/p/undermine/9N52CQMFH3BB,"Action & adventure, Other, Role playing",Thorium Entertainment,Thorium Entertainment
186,Vambrace: Cold Soul,https://www.microsoft.com/en-us/store/p/vambrace-cold-soul/9N171CGFVT1L,"Action & adventure, Role playing, Strategy",Chorus Worldwide Games,Chorus Worldwide Games
187,Void Bastards,https://www.microsoft.com/en-us/store/p/void-bastards/9PJ1CGLKQSWS,"Shooter, Strategy",Humble Games,Humble Games
188,Wandersong,https://www.microsoft.com/en-us/store/p/wandersong/9NJX558FNW9S,Music,Humble Games,Humble Games
189,Wargroove,https://www.microsoft.com/en-us/store/p/wargroove/9NRPTTJ94PCK,Strategy,Chucklefish,Chucklefish
190,Wasteland 2: Director's Cut,https://www.microsoft.com/en-us/store/p/wasteland-2-directors-cut/C521HDXRTS7F,"Action & adventure, Role playing, Strategy, Simulation","Deep Silver, InXile Entertainment","Deep Silver, InXile Entertainment"
191,Wasteland 3,https://www.microsoft.com/en-us/store/p/wasteland-3-pc/9NLT5XR52ZS7,Role playing,Deep Silver,Deep Silver
192,Wasteland Remastered,https://www.microsoft.com/en-us/store/p/wasteland-remastered/9NGH1FK0RJGL,"Classics, Role playing, Strategy",Xbox Game Studios,Xbox Game Studios
193,We Happy Few,https://www.microsoft.com/en-us/store/p/we-happy-few/9NBLGGH5342P,Action & adventure,Gearbox Publishing,Gearbox Publishing
194,West of Dead,https://www.microsoft.com/en-us/store/p/west-of-dead/9NV0540N4JRN,Action & adventure,Raw Fury,Raw Fury
195,Wizard of Legend,https://www.microsoft.com/en-us/store/p/wizard-of-legend/9MZH0GG41HL9,"Action & adventure, Role playing",Humble Games,Humble Games
196,Wolfenstein: Youngblood,https://www.microsoft.com/en-us/store/p/wolfenstein-youngblood-pc/9PHFTS44F99K,"Action & adventure, Shooter",Bethesda Softworks,Bethesda Softworks
197,WORLD OF HORROR (Game Preview),https://www.microsoft.com/en-us/store/p/world-of-horror-game-preview/9N1FDTTSS49Z,Role playing,Ysbryd Games,Ysbryd Games
198,Worms W.M.D,https://www.microsoft.com/en-us/store/p/worms-wmd/9NVRZZJ4NG99,Strategy,Team17 Digital Ltd,Team17 Digital Ltd
199,Xeno Crisis,https://www.microsoft.com/en-us/store/p/xeno-crisis/9PNBGZTL0Z1S,"Action & adventure, Shooter",Bitmap Bureau Ltd.,Bitmap Bureau Ltd.
200,Yakuza 0,https://www.microsoft.com/en-us/store/p/yakuza-0-for-windows-10/9PD0BJRBLRJM,Action & adventure,SEGA,SEGA
201,Yakuza Kiwami,https://www.microsoft.com/en-us/store/p/yakuza-kiwami-for-windows-10/9P40SC5DQ9K0,Action & adventure,SEGA,SEGA
202,Yakuza Kiwami 2,https://www.microsoft.com/en-us/store/p/yakuza-kiwami-2-for-windows-10/9MZNFNN3XJ3F,Action & adventure,SEGA,SEGA
203,Zoo Tycoon: Ultimate Animal Collection,https://www.microsoft.com/en-us/store/p/zoo-tycoon-ultimate-animal-collection/9PJ06TZX4NMH,Family & kids,Xbox Game Studios,Xbox Game Studios
